{
    "rmse": 0.5812385468622963,
    "mae": 0.42656045329050407,
    "r2": 0.5095975491964092
}