{
    "rmse": 0.5572392614330238,
    "mae": 0.42763671875,
    "r2": 0.5248465028616687
}