{
    "rmse": 0.5988717065268128,
    "mae": 0.44285469589439513,
    "r2": 0.47472107080907033
}