{
    "rmse": 0.5517579617349063,
    "mae": 0.405181396962319,
    "r2": 0.5210244676874475
}